{
  "vulnerabilities": {
    "descriptor": {
      "configuration": "",
      "db": {
        "built": "2023-02-07T08:18:32Z",
        "checksum": "sha256:a8c694063a8d35fca047284ab8f55025664acc1f9cc9f8da30ffa05b9553c52f",
        "error": null,
        "location": "/var/folders/2v/z_0jd7gn30qcym54rz_z2__m0000gq/T/veracode_cli_cache/5",
        "schemaVersion": 5
      },
      "name": "grype",
      "version": "[not provided]"
    },
    "distro": {
      "idLike": null,
      "name": "",
      "version": ""
    },
    "matches": [
      {
        "artifact": {
          "cpes": [
            "cpe:2.3:a:spring-boot-starter-web:spring-boot-starter-web:2.3.1.RELEASE:*:*:*:*:*:*:*",
            "cpe:2.3:a:spring-boot-starter-web:spring_boot_starter_web:2.3.1.RELEASE:*:*:*:*:*:*:*",
            "cpe:2.3:a:spring_boot_starter_web:spring-boot-starter-web:2.3.1.RELEASE:*:*:*:*:*:*:*",
            "cpe:2.3:a:spring_boot_starter_web:spring_boot_starter_web:2.3.1.RELEASE:*:*:*:*:*:*:*",
            "cpe:2.3:a:spring-boot-starter:spring-boot-starter-web:2.3.1.RELEASE:*:*:*:*:*:*:*",
            "cpe:2.3:a:spring-boot-starter:spring_boot_starter_web:2.3.1.RELEASE:*:*:*:*:*:*:*",
            "cpe:2.3:a:spring_boot_starter:spring-boot-starter-web:2.3.1.RELEASE:*:*:*:*:*:*:*",
            "cpe:2.3:a:spring_boot_starter:spring_boot_starter_web:2.3.1.RELEASE:*:*:*:*:*:*:*",
            "cpe:2.3:a:spring-boot:spring-boot-starter-web:2.3.1.RELEASE:*:*:*:*:*:*:*",
            "cpe:2.3:a:spring-boot:spring_boot_starter_web:2.3.1.RELEASE:*:*:*:*:*:*:*",
            "cpe:2.3:a:spring_boot:spring-boot-starter-web:2.3.1.RELEASE:*:*:*:*:*:*:*",
            "cpe:2.3:a:spring_boot:spring_boot_starter_web:2.3.1.RELEASE:*:*:*:*:*:*:*",
            "cpe:2.3:a:spring:spring-boot-starter-web:2.3.1.RELEASE:*:*:*:*:*:*:*",
            "cpe:2.3:a:spring:spring_boot_starter_web:2.3.1.RELEASE:*:*:*:*:*:*:*"
          ],
          "language": "java",
          "licenses": [],
          "locations": [
            {
              "path": "app/pom.xml"
            }
          ],
          "metadata": {
            "archiveDigests": null,
            "manifestName": "",
            "pomArtifactID": "",
            "pomGroupID": "",
            "virtualPath": ""
          },
          "metadataType": "JavaMetadata",
          "name": "spring-boot-starter-web",
          "purl": "pkg:maven/org.springframework.boot/spring-boot-starter-web@2.3.1.RELEASE",
          "type": "java-archive",
          "upstreams": [],
          "version": "2.3.1.RELEASE"
        },
        "matchDetails": [
          {
            "found": {
              "versionConstraint": "\u003c2.5.12 (unknown)"
            },
            "matcher": "java-matcher",
            "searchedBy": {
              "language": "java",
              "namespace": "github:language:java"
            },
            "type": "exact-direct-match"
          }
        ],
        "relatedVulnerabilities": [
          {
            "cvss": [
              {
                "metrics": {
                  "baseScore": 7.5,
                  "exploitabilityScore": 10,
                  "impactScore": 6.4
                },
                "vector": "AV:N/AC:L/Au:N/C:P/I:P/A:P",
                "vendorMetadata": {},
                "version": "2.0"
              },
              {
                "metrics": {
                  "baseScore": 9.8,
                  "exploitabilityScore": 3.9,
                  "impactScore": 5.9
                },
                "vector": "CVSS:3.1/AV:N/AC:L/PR:N/UI:N/S:U/C:H/I:H/A:H",
                "vendorMetadata": {},
                "version": "3.1"
              }
            ],
            "dataSource": "https://nvd.nist.gov/vuln/detail/CVE-2022-22965",
            "description": "A Spring MVC or Spring WebFlux application running on JDK 9+ may be vulnerable to remote code execution (RCE) via data binding. The specific exploit requires the application to run on Tomcat as a WAR deployment. If the application is deployed as a Spring Boot executable jar, i.e. the default, it is not vulnerable to the exploit. However, the nature of the vulnerability is more general, and there may be other ways to exploit it.",
            "id": "CVE-2022-22965",
            "namespace": "nvd:cpe",
            "severity": "Critical",
            "urls": [
              "https://tanzu.vmware.com/security/cve-2022-22965",
              "https://tools.cisco.com/security/center/content/CiscoSecurityAdvisory/cisco-sa-java-spring-rce-Zx9GUc67",
              "https://psirt.global.sonicwall.com/vuln-detail/SNWLID-2022-0005",
              "http://packetstormsecurity.com/files/166713/Spring4Shell-Code-Execution.html",
              "https://cert-portal.siemens.com/productcert/pdf/ssa-254054.pdf",
              "https://www.oracle.com/security-alerts/cpuapr2022.html",
              "http://packetstormsecurity.com/files/167011/Spring4Shell-Spring-Framework-Class-Property-Remote-Code-Execution.html",
              "https://www.oracle.com/security-alerts/cpujul2022.html"
            ]
          }
        ],
        "vulnerability": {
          "advisories": [],
          "cvss": [],
          "dataSource": "https://github.com/advisories/GHSA-36p3-wjmg-h94x",
          "description": "Remote Code Execution in Spring Framework",
          "fix": {
            "state": "fixed",
            "versions": [
              "2.5.12"
            ]
          },
          "id": "GHSA-36p3-wjmg-h94x",
          "namespace": "github:language:java",
          "severity": "Critical",
          "urls": [
            "https://github.com/advisories/GHSA-36p3-wjmg-h94x"
          ]
        }
      },
      {
        "artifact": {
          "cpes": [
            "cpe:2.3:a:keycloak-saml-core:keycloak-saml-core:1.8.1.Final:*:*:*:*:*:*:*",
            "cpe:2.3:a:keycloak-saml-core:keycloak_saml_core:1.8.1.Final:*:*:*:*:*:*:*",
            "cpe:2.3:a:keycloak_saml_core:keycloak-saml-core:1.8.1.Final:*:*:*:*:*:*:*",
            "cpe:2.3:a:keycloak_saml_core:keycloak_saml_core:1.8.1.Final:*:*:*:*:*:*:*",
            "cpe:2.3:a:keycloak-saml:keycloak-saml-core:1.8.1.Final:*:*:*:*:*:*:*",
            "cpe:2.3:a:keycloak-saml:keycloak_saml_core:1.8.1.Final:*:*:*:*:*:*:*",
            "cpe:2.3:a:keycloak_saml:keycloak-saml-core:1.8.1.Final:*:*:*:*:*:*:*",
            "cpe:2.3:a:keycloak_saml:keycloak_saml_core:1.8.1.Final:*:*:*:*:*:*:*",
            "cpe:2.3:a:keycloak:keycloak-saml-core:1.8.1.Final:*:*:*:*:*:*:*",
            "cpe:2.3:a:keycloak:keycloak_saml_core:1.8.1.Final:*:*:*:*:*:*:*"
          ],
          "language": "java",
          "licenses": [],
          "locations": [
            {
              "path": "app/pom.xml"
            }
          ],
          "metadata": {
            "archiveDigests": null,
            "manifestName": "",
            "pomArtifactID": "",
            "pomGroupID": "",
            "virtualPath": ""
          },
          "metadataType": "JavaMetadata",
          "name": "keycloak-saml-core",
          "purl": "pkg:maven/org.keycloak/keycloak-saml-core@1.8.1.Final",
          "type": "java-archive",
          "upstreams": [],
          "version": "1.8.1.Final"
        },
        "matchDetails": [
          {
            "found": {
              "versionConstraint": "\u003c18.0.0 (unknown)"
            },
            "matcher": "java-matcher",
            "searchedBy": {
              "language": "java",
              "namespace": "github:language:java"
            },
            "type": "exact-direct-match"
          }
        ],
        "relatedVulnerabilities": [
          {
            "cvss": [
              {
                "metrics": {
                  "baseScore": 6.8,
                  "exploitabilityScore": 1.6,
                  "impactScore": 5.2
                },
                "vector": "CVSS:3.1/AV:N/AC:H/PR:L/UI:N/S:U/C:H/I:H/A:N",
                "vendorMetadata": {},
                "version": "3.1"
              }
            ],
            "dataSource": "https://nvd.nist.gov/vuln/detail/CVE-2021-3827",
            "description": "A flaw was found in keycloak, where the default ECP binding flow allows other authentication flows to be bypassed. By exploiting this behavior, an attacker can bypass the MFA authentication by sending a SOAP request with an AuthnRequest and Authorization header with the user's credentials. The highest threat from this vulnerability is to confidentiality and integrity.",
            "id": "CVE-2021-3827",
            "namespace": "nvd:cpe",
            "severity": "Medium",
            "urls": [
              "https://github.com/keycloak/keycloak/commit/44000caaf5051d7f218d1ad79573bd3d175cad0d",
              "https://bugzilla.redhat.com/show_bug.cgi?id=2007512",
              "https://access.redhat.com/security/cve/CVE-2021-3827",
              "https://github.com/keycloak/keycloak/security/advisories/GHSA-4pc7-vqv5-5r3v"
            ]
          }
        ],
        "vulnerability": {
          "advisories": [],
          "cvss": [],
          "dataSource": "https://github.com/advisories/GHSA-4pc7-vqv5-5r3v",
          "description": "ECP SAML binding bypasses authentication flows",
          "fix": {
            "state": "fixed",
            "versions": [
              "18.0.0"
            ]
          },
          "id": "GHSA-4pc7-vqv5-5r3v",
          "namespace": "github:language:java",
          "severity": "High",
          "urls": [
            "https://github.com/advisories/GHSA-4pc7-vqv5-5r3v"
          ]
        }
      },
      {
        "artifact": {
          "cpes": [
            "cpe:2.3:a:commons-collections4:commons-collections4:4.0:*:*:*:*:*:*:*",
            "cpe:2.3:a:commons-collections4:commons_collections4:4.0:*:*:*:*:*:*:*",
            "cpe:2.3:a:commons_collections4:commons-collections4:4.0:*:*:*:*:*:*:*",
            "cpe:2.3:a:commons_collections4:commons_collections4:4.0:*:*:*:*:*:*:*",
            "cpe:2.3:a:commons:commons-collections4:4.0:*:*:*:*:*:*:*",
            "cpe:2.3:a:commons:commons_collections4:4.0:*:*:*:*:*:*:*"
          ],
          "language": "java",
          "licenses": [],
          "locations": [
            {
              "path": "app/pom.xml"
            }
          ],
          "metadata": {
            "archiveDigests": null,
            "manifestName": "",
            "pomArtifactID": "",
            "pomGroupID": "",
            "virtualPath": ""
          },
          "metadataType": "JavaMetadata",
          "name": "commons-collections4",
          "purl": "pkg:maven/org.apache.commons/commons-collections4@4.0",
          "type": "java-archive",
          "upstreams": [],
          "version": "4.0"
        },
        "matchDetails": [
          {
            "found": {
              "versionConstraint": "\u003c4.1 (unknown)"
            },
            "matcher": "java-matcher",
            "searchedBy": {
              "language": "java",
              "namespace": "github:language:java"
            },
            "type": "exact-direct-match"
          }
        ],
        "relatedVulnerabilities": [
          {
            "cvss": [
              {
                "metrics": {
                  "baseScore": 7.5,
                  "exploitabilityScore": 10,
                  "impactScore": 6.4
                },
                "vector": "AV:N/AC:L/Au:N/C:P/I:P/A:P",
                "vendorMetadata": {},
                "version": "2.0"
              }
            ],
            "dataSource": "https://nvd.nist.gov/vuln/detail/CVE-2015-6420",
            "description": "Serialized-object interfaces in certain Cisco Collaboration and Social Media; Endpoint Clients and Client Software; Network Application, Service, and Acceleration; Network and Content Security Devices; Network Management and Provisioning; Routing and Switching - Enterprise and Service Provider; Unified Computing; Voice and Unified Communications Devices; Video, Streaming, TelePresence, and Transcoding Devices; Wireless; and Cisco Hosted Services products allow remote attackers to execute arbitrary commands via a crafted serialized Java object, related to the Apache Commons Collections (ACC) library.",
            "id": "CVE-2015-6420",
            "namespace": "nvd:cpe",
            "severity": "High",
            "urls": [
              "http://tools.cisco.com/security/center/content/CiscoSecurityAdvisory/cisco-sa-20151209-java-deserialization",
              "http://www.securityfocus.com/bid/78872",
              "https://h20566.www2.hpe.com/portal/site/hpsc/public/kb/docDisplay?docId=emr_na-c05376917",
              "https://h20566.www2.hpe.com/portal/site/hpsc/public/kb/docDisplay?docId=emr_na-c05390722",
              "https://www.tenable.com/security/research/tra-2017-14",
              "https://www.tenable.com/security/research/tra-2017-23",
              "http://www.oracle.com/technetwork/security-advisory/cpujul2018-4258247.html",
              "https://www.kb.cert.org/vuls/id/581311",
              "https://lists.apache.org/thread.html/r352e40ca9874d1beb4ad95403792adca7eb295e6bc3bd7b65fabcc21@%3Ccommits.samza.apache.org%3E"
            ]
          }
        ],
        "vulnerability": {
          "advisories": [],
          "cvss": [],
          "dataSource": "https://github.com/advisories/GHSA-6hgm-866r-3cjv",
          "description": "Insecure Deserialization in Apache Commons Collection",
          "fix": {
            "state": "fixed",
            "versions": [
              "4.1"
            ]
          },
          "id": "GHSA-6hgm-866r-3cjv",
          "namespace": "github:language:java",
          "severity": "High",
          "urls": [
            "https://github.com/advisories/GHSA-6hgm-866r-3cjv"
          ]
        }
      },
      {
        "artifact": {
          "cpes": [
            "cpe:2.3:a:commons-fileupload:commons-fileupload:1.3.2:*:*:*:*:*:*:*",
            "cpe:2.3:a:commons-fileupload:commons_fileupload:1.3.2:*:*:*:*:*:*:*",
            "cpe:2.3:a:commons_fileupload:commons-fileupload:1.3.2:*:*:*:*:*:*:*",
            "cpe:2.3:a:commons_fileupload:commons_fileupload:1.3.2:*:*:*:*:*:*:*",
            "cpe:2.3:a:commons:commons-fileupload:1.3.2:*:*:*:*:*:*:*",
            "cpe:2.3:a:commons:commons_fileupload:1.3.2:*:*:*:*:*:*:*"
          ],
          "language": "java",
          "licenses": [],
          "locations": [
            {
              "path": "app/pom.xml"
            }
          ],
          "metadata": {
            "archiveDigests": null,
            "manifestName": "",
            "pomArtifactID": "",
            "pomGroupID": "",
            "virtualPath": ""
          },
          "metadataType": "JavaMetadata",
          "name": "commons-fileupload",
          "purl": "pkg:maven/commons-fileupload/commons-fileupload@1.3.2",
          "type": "java-archive",
          "upstreams": [],
          "version": "1.3.2"
        },
        "matchDetails": [
          {
            "found": {
              "versionConstraint": "\u003c1.3.3 (unknown)"
            },
            "matcher": "java-matcher",
            "searchedBy": {
              "language": "java",
              "namespace": "github:language:java"
            },
            "type": "exact-direct-match"
          }
        ],
        "relatedVulnerabilities": [
          {
            "cvss": [
              {
                "metrics": {
                  "baseScore": 7.5,
                  "exploitabilityScore": 10,
                  "impactScore": 6.4
                },
                "vector": "AV:N/AC:L/Au:N/C:P/I:P/A:P",
                "vendorMetadata": {},
                "version": "2.0"
              },
              {
                "metrics": {
                  "baseScore": 9.8,
                  "exploitabilityScore": 3.9,
                  "impactScore": 5.9
                },
                "vector": "CVSS:3.0/AV:N/AC:L/PR:N/UI:N/S:U/C:H/I:H/A:H",
                "vendorMetadata": {},
                "version": "3.0"
              }
            ],
            "dataSource": "https://nvd.nist.gov/vuln/detail/CVE-2016-1000031",
            "description": "Apache Commons FileUpload before 1.3.3 DiskFileItem File Manipulation Remote Code Execution",
            "id": "CVE-2016-1000031",
            "namespace": "nvd:cpe",
            "severity": "Critical",
            "urls": [
              "http://www.securityfocus.com/bid/93604",
              "https://www.tenable.com/security/research/tra-2016-30",
              "http://www.zerodayinitiative.com/advisories/ZDI-16-570/",
              "https://issues.apache.org/jira/browse/FILEUPLOAD-279",
              "https://www.tenable.com/security/research/tra-2016-23",
              "https://www.tenable.com/security/research/tra-2016-12",
              "http://www.oracle.com/technetwork/security-advisory/cpuoct2018-4428296.html",
              "https://lists.apache.org/thread.html/d66657323fd25e437face5e84899c8ca404ccd187e81c3f2fa8b6080@%3Cannounce.apache.org%3E",
              "https://issues.apache.org/jira/browse/WW-4812",
              "https://www.oracle.com/technetwork/security-advisory/cpujan2019-5072801.html",
              "https://security.netapp.com/advisory/ntap-20190212-0001/",
              "https://www.oracle.com/technetwork/security-advisory/cpuapr2019-5072813.html",
              "http://lists.opensuse.org/opensuse-security-announce/2019-05/msg00036.html",
              "https://www.oracle.com/technetwork/security-advisory/cpuoct2016-2881722.html",
              "https://www.oracle.com/technetwork/security-advisory/cpujul2019-5072835.html",
              "https://www.oracle.com/technetwork/security-advisory/cpuoct2019-5072832.html",
              "https://lists.apache.org/thread.html/708d94141126eac03011144a971a6411fcac16d9c248d1d535a39451@%3Csolr-user.lucene.apache.org%3E",
              "https://www.oracle.com/security-alerts/cpujan2020.html",
              "https://www.oracle.com/security-alerts/cpuapr2020.html",
              "https://www.oracle.com/security-alerts/cpujul2020.html",
              "https://www.oracle.com/security-alerts/cpuoct2020.html",
              "https://www.oracle.com/security-alerts/cpujan2021.html",
              "https://www.oracle.com/security-alerts/cpuoct2021.html",
              "https://www.oracle.com/security-alerts/cpujul2022.html"
            ]
          }
        ],
        "vulnerability": {
          "advisories": [],
          "cvss": [],
          "dataSource": "https://github.com/advisories/GHSA-7x9j-7223-rg5m",
          "description": "Improper Access Control in commons-fileupload",
          "fix": {
            "state": "fixed",
            "versions": [
              "1.3.3"
            ]
          },
          "id": "GHSA-7x9j-7223-rg5m",
          "namespace": "github:language:java",
          "severity": "Critical",
          "urls": [
            "https://github.com/advisories/GHSA-7x9j-7223-rg5m"
          ]
        }
      },
      {
        "artifact": {
          "cpes": [
            "cpe:2.3:a:jbcrypt:jbcrypt:0.3m:*:*:*:*:*:*:*"
          ],
          "language": "java",
          "licenses": [],
          "locations": [
            {
              "path": "app/pom.xml"
            }
          ],
          "metadata": {
            "archiveDigests": null,
            "manifestName": "",
            "pomArtifactID": "",
            "pomGroupID": "",
            "virtualPath": ""
          },
          "metadataType": "JavaMetadata",
          "name": "jbcrypt",
          "purl": "pkg:maven/org.mindrot/jbcrypt@0.3m",
          "type": "java-archive",
          "upstreams": [],
          "version": "0.3m"
        },
        "matchDetails": [
          {
            "found": {
              "versionConstraint": "\u003c0.4 (unknown)"
            },
            "matcher": "java-matcher",
            "searchedBy": {
              "language": "java",
              "namespace": "github:language:java"
            },
            "type": "exact-direct-match"
          }
        ],
        "relatedVulnerabilities": [
          {
            "cvss": [
              {
                "metrics": {
                  "baseScore": 5,
                  "exploitabilityScore": 10,
                  "impactScore": 2.9
                },
                "vector": "AV:N/AC:L/Au:N/C:P/I:N/A:N",
                "vendorMetadata": {},
                "version": "2.0"
              }
            ],
            "dataSource": "https://nvd.nist.gov/vuln/detail/CVE-2015-0886",
            "description": "Integer overflow in the crypt_raw method in the key-stretching implementation in jBCrypt before 0.4 makes it easier for remote attackers to determine cleartext values of password hashes via a brute-force attack against hashes associated with the maximum exponent.",
            "id": "CVE-2015-0886",
            "namespace": "nvd:cpe",
            "severity": "Medium",
            "urls": [
              "http://www.mindrot.org/projects/jBCrypt/news/rel04.html",
              "http://jvn.jp/en/jp/JVN77718330/index.html",
              "http://jvndb.jvn.jp/jvndb/JVNDB-2015-000033",
              "https://bugzilla.mindrot.org/show_bug.cgi?id=2097",
              "http://lists.fedoraproject.org/pipermail/package-announce/2015-March/151496.html",
              "http://lists.fedoraproject.org/pipermail/package-announce/2015-March/151786.html",
              "http://lists.fedoraproject.org/pipermail/package-announce/2015-March/151797.html",
              "https://lists.apache.org/thread.html/rd5c2256b8dc9935e4bb5e9be90adce58408054bb42523730a40c5548@%3Ccommits.cassandra.apache.org%3E",
              "https://lists.apache.org/thread.html/re330cfe9e5d84e3f7da8ace23ec32f38cb3fbd328bf177badd7ad942@%3Ccommits.cassandra.apache.org%3E",
              "https://lists.apache.org/thread.html/rbd23e3ac8113b4da0a025c0e45170b6ec317383a1cf06090c2c717aa@%3Ccommits.cassandra.apache.org%3E"
            ]
          }
        ],
        "vulnerability": {
          "advisories": [],
          "cvss": [],
          "dataSource": "https://github.com/advisories/GHSA-9h6p-92jq-888x",
          "description": "Integer Overflow or Wraparound in JBCrypt",
          "fix": {
            "state": "fixed",
            "versions": [
              "0.4"
            ]
          },
          "id": "GHSA-9h6p-92jq-888x",
          "namespace": "github:language:java",
          "severity": "Medium",
          "urls": [
            "https://github.com/advisories/GHSA-9h6p-92jq-888x"
          ]
        }
      },
      {
        "artifact": {
          "cpes": [
            "cpe:2.3:a:commons-collections4:commons-collections4:4.0:*:*:*:*:*:*:*",
            "cpe:2.3:a:commons-collections4:commons_collections4:4.0:*:*:*:*:*:*:*",
            "cpe:2.3:a:commons_collections4:commons-collections4:4.0:*:*:*:*:*:*:*",
            "cpe:2.3:a:commons_collections4:commons_collections4:4.0:*:*:*:*:*:*:*",
            "cpe:2.3:a:commons:commons-collections4:4.0:*:*:*:*:*:*:*",
            "cpe:2.3:a:commons:commons_collections4:4.0:*:*:*:*:*:*:*"
          ],
          "language": "java",
          "licenses": [],
          "locations": [
            {
              "path": "app/pom.xml"
            }
          ],
          "metadata": {
            "archiveDigests": null,
            "manifestName": "",
            "pomArtifactID": "",
            "pomGroupID": "",
            "virtualPath": ""
          },
          "metadataType": "JavaMetadata",
          "name": "commons-collections4",
          "purl": "pkg:maven/org.apache.commons/commons-collections4@4.0",
          "type": "java-archive",
          "upstreams": [],
          "version": "4.0"
        },
        "matchDetails": [
          {
            "found": {
              "versionConstraint": "\u003c4.1 (unknown)"
            },
            "matcher": "java-matcher",
            "searchedBy": {
              "language": "java",
              "namespace": "github:language:java"
            },
            "type": "exact-direct-match"
          }
        ],
        "relatedVulnerabilities": [
          {
            "cvss": [
              {
                "metrics": {
                  "baseScore": 10,
                  "exploitabilityScore": 10,
                  "impactScore": 10
                },
                "vector": "AV:N/AC:L/Au:N/C:C/I:C/A:C",
                "vendorMetadata": {},
                "version": "2.0"
              },
              {
                "metrics": {
                  "baseScore": 9.8,
                  "exploitabilityScore": 3.9,
                  "impactScore": 5.9
                },
                "vector": "CVSS:3.0/AV:N/AC:L/PR:N/UI:N/S:U/C:H/I:H/A:H",
                "vendorMetadata": {},
                "version": "3.0"
              }
            ],
            "dataSource": "https://nvd.nist.gov/vuln/detail/CVE-2015-7501",
            "description": "Red Hat JBoss A-MQ 6.x; BPM Suite (BPMS) 6.x; BRMS 6.x and 5.x; Data Grid (JDG) 6.x; Data Virtualization (JDV) 6.x and 5.x; Enterprise Application Platform 6.x, 5.x, and 4.3.x; Fuse 6.x; Fuse Service Works (FSW) 6.x; Operations Network (JBoss ON) 3.x; Portal 6.x; SOA Platform (SOA-P) 5.x; Web Server (JWS) 3.x; Red Hat OpenShift/xPAAS 3.x; and Red Hat Subscription Asset Manager 1.3 allow remote attackers to execute arbitrary commands via a crafted serialized Java object, related to the Apache Commons Collections (ACC) library.",
            "id": "CVE-2015-7501",
            "namespace": "nvd:cpe",
            "severity": "Critical",
            "urls": [
              "https://bugzilla.redhat.com/show_bug.cgi?id=1279330",
              "https://access.redhat.com/solutions/2045023",
              "https://access.redhat.com/security/vulnerabilities/2059393",
              "http://www.securitytracker.com/id/1037640",
              "http://www.securitytracker.com/id/1037053",
              "http://www.securitytracker.com/id/1037052",
              "http://www.securitytracker.com/id/1034097",
              "http://www.securityfocus.com/bid/78215",
              "https://rhn.redhat.com/errata/RHSA-2015-2536.html",
              "http://rhn.redhat.com/errata/RHSA-2016-1773.html",
              "http://rhn.redhat.com/errata/RHSA-2016-0040.html",
              "http://rhn.redhat.com/errata/RHSA-2015-2671.html",
              "http://rhn.redhat.com/errata/RHSA-2015-2670.html",
              "http://rhn.redhat.com/errata/RHSA-2015-2524.html",
              "http://rhn.redhat.com/errata/RHSA-2015-2522.html",
              "http://rhn.redhat.com/errata/RHSA-2015-2521.html",
              "http://rhn.redhat.com/errata/RHSA-2015-2517.html",
              "http://rhn.redhat.com/errata/RHSA-2015-2516.html",
              "http://rhn.redhat.com/errata/RHSA-2015-2514.html",
              "http://rhn.redhat.com/errata/RHSA-2015-2502.html",
              "http://rhn.redhat.com/errata/RHSA-2015-2501.html",
              "http://rhn.redhat.com/errata/RHSA-2015-2500.html",
              "http://www.oracle.com/technetwork/security-advisory/cpujan2018-3236628.html",
              "http://www.oracle.com/technetwork/security-advisory/cpuapr2018-3678067.html",
              "http://www.oracle.com/technetwork/security-advisory/cpujul2018-4258247.html",
              "http://www.oracle.com/technetwork/security-advisory/cpuoct2018-4428296.html",
              "https://www.oracle.com/security-alerts/cpujul2020.html"
            ]
          }
        ],
        "vulnerability": {
          "advisories": [],
          "cvss": [],
          "dataSource": "https://github.com/advisories/GHSA-fjq5-5j5f-mvxh",
          "description": "Deserialization of Untrusted Data in Apache commons collections",
          "fix": {
            "state": "fixed",
            "versions": [
              "4.1"
            ]
          },
          "id": "GHSA-fjq5-5j5f-mvxh",
          "namespace": "github:language:java",
          "severity": "Critical",
          "urls": [
            "https://github.com/advisories/GHSA-fjq5-5j5f-mvxh"
          ]
        }
      },
      {
        "artifact": {
          "cpes": [
            "cpe:2.3:a:commons-io:commons-io:2.4:*:*:*:*:*:*:*",
            "cpe:2.3:a:commons-io:commons_io:2.4:*:*:*:*:*:*:*",
            "cpe:2.3:a:commons_io:commons-io:2.4:*:*:*:*:*:*:*",
            "cpe:2.3:a:commons_io:commons_io:2.4:*:*:*:*:*:*:*",
            "cpe:2.3:a:commons:commons-io:2.4:*:*:*:*:*:*:*",
            "cpe:2.3:a:commons:commons_io:2.4:*:*:*:*:*:*:*"
          ],
          "language": "java",
          "licenses": [],
          "locations": [
            {
              "path": "app/pom.xml"
            }
          ],
          "metadata": {
            "archiveDigests": null,
            "manifestName": "",
            "pomArtifactID": "",
            "pomGroupID": "",
            "virtualPath": ""
          },
          "metadataType": "JavaMetadata",
          "name": "commons-io",
          "purl": "pkg:maven/commons-io/commons-io@2.4",
          "type": "java-archive",
          "upstreams": [],
          "version": "2.4"
        },
        "matchDetails": [
          {
            "found": {
              "versionConstraint": "\u003c2.7 (unknown)"
            },
            "matcher": "java-matcher",
            "searchedBy": {
              "language": "java",
              "namespace": "github:language:java"
            },
            "type": "exact-direct-match"
          }
        ],
        "relatedVulnerabilities": [
          {
            "cvss": [
              {
                "metrics": {
                  "baseScore": 5.8,
                  "exploitabilityScore": 8.6,
                  "impactScore": 4.9
                },
                "vector": "AV:N/AC:M/Au:N/C:P/I:P/A:N",
                "vendorMetadata": {},
                "version": "2.0"
              },
              {
                "metrics": {
                  "baseScore": 4.8,
                  "exploitabilityScore": 2.2,
                  "impactScore": 2.5
                },
                "vector": "CVSS:3.1/AV:N/AC:H/PR:N/UI:N/S:U/C:L/I:L/A:N",
                "vendorMetadata": {},
                "version": "3.1"
              }
            ],
            "dataSource": "https://nvd.nist.gov/vuln/detail/CVE-2021-29425",
            "description": "In Apache Commons IO before 2.7, When invoking the method FileNameUtils.normalize with an improper input string, like \"//../foo\", or \"\\\\..\\foo\", the result would be the same value, thus possibly providing access to files in the parent directory, but not further above (thus \"limited\" path traversal), if the calling code would use the result to construct a path value.",
            "id": "CVE-2021-29425",
            "namespace": "nvd:cpe",
            "severity": "Medium",
            "urls": [
              "https://issues.apache.org/jira/browse/IO-556",
              "https://lists.apache.org/thread.html/rc359823b5500e9a9a2572678ddb8e01d3505a7ffcadfa8d13b8780ab%40%3Cuser.commons.apache.org%3E",
              "https://lists.apache.org/thread.html/rfd01af05babc95b8949e6d8ea78d9834699e1b06981040dde419a330@%3Cdev.commons.apache.org%3E",
              "https://lists.apache.org/thread.html/r8efcbabde973ea72f5e0933adc48ef1425db5cde850bf641b3993f31@%3Cdev.commons.apache.org%3E",
              "https://lists.apache.org/thread.html/r873d5ddafc0a68fd999725e559776dc4971d1ab39c0f5cc81bd9bc04@%3Ccommits.pulsar.apache.org%3E",
              "https://lists.apache.org/thread.html/r0d73e2071d1f1afe1a15da14c5b6feb2cf17e3871168d5a3c8451436@%3Ccommits.pulsar.apache.org%3E",
              "https://lists.apache.org/thread.html/raa053846cae9d497606027816ae87b4e002b2e0eb66cb0dee710e1f5@%3Cdev.creadur.apache.org%3E",
              "https://lists.apache.org/thread.html/r8569a41d565ca880a4dee0e645dad1cd17ab4a92e68055ad9ebb7375@%3Cdev.creadur.apache.org%3E",
              "https://lists.apache.org/thread.html/r47ab6f68cbba8e730f42c4ea752f3a44eb95fb09064070f2476bb401@%3Cdev.creadur.apache.org%3E",
              "https://lists.apache.org/thread.html/rfa2f08b7c0caf80ca9f4a18bd875918fdd4e894e2ea47942a4589b9c@%3Cdev.creadur.apache.org%3E",
              "https://lists.apache.org/thread.html/r1c2f4683c35696cf6f863e3c107e37ec41305b1930dd40c17260de71@%3Ccommits.pulsar.apache.org%3E",
              "https://lists.apache.org/thread.html/r27b1eedda37468256c4bb768fde1e8b79b37ec975cbbfd0d65a7ac34@%3Cdev.myfaces.apache.org%3E",
              "https://lists.apache.org/thread.html/r2bc986a070457daca457a54fe71ee09d2584c24dc262336ca32b6a19@%3Cdev.creadur.apache.org%3E",
              "https://lists.apache.org/thread.html/r523a6ffad58f71c4f3761e3cee72df878e48cdc89ebdce933be1475c@%3Cdev.creadur.apache.org%3E",
              "https://lists.apache.org/thread.html/ra8ef65aedc086d2d3d21492b4c08ae0eb8a3a42cc52e29ba1bc009d8@%3Cdev.creadur.apache.org%3E",
              "https://lists.apache.org/thread.html/rbebd3e19651baa7a4a5503a9901c95989df9d40602c8e35cb05d3eb5@%3Cdev.creadur.apache.org%3E",
              "https://lists.apache.org/thread.html/r2721aba31a8562639c4b937150897e24f78f747cdbda8641c0f659fe@%3Cusers.kafka.apache.org%3E",
              "https://lists.apache.org/thread.html/r345330b7858304938b7b8029d02537a116d75265a598c98fa333504a@%3Cdev.creadur.apache.org%3E",
              "https://lists.apache.org/thread.html/rad4ae544747df32ccd58fff5a86cd556640396aeb161aa71dd3d192a@%3Cuser.commons.apache.org%3E",
              "https://lists.apache.org/thread.html/r808be7d93b17a7055c1981a8453ae5f0d0fce5855407793c5d0ffffa@%3Cuser.commons.apache.org%3E",
              "https://lists.apache.org/thread.html/rc2dd3204260e9227a67253ef68b6f1599446005bfa0e1ddce4573a80@%3Cpluto-dev.portals.apache.org%3E",
              "https://lists.apache.org/thread.html/r2df50af2641d38f432ef025cd2ba5858215cc0cf3fc10396a674ad2e@%3Cpluto-scm.portals.apache.org%3E",
              "https://lists.apache.org/thread.html/rc65f9bc679feffe4589ea0981ee98bc0af9139470f077a91580eeee0@%3Cpluto-dev.portals.apache.org%3E",
              "https://lists.apache.org/thread.html/r8bfc7235e6b39d90e6f446325a5a44c3e9e50da18860fdabcee23e29@%3Cissues.zookeeper.apache.org%3E",
              "https://lists.apache.org/thread.html/r92ea904f4bae190b03bd42a4355ce3c2fbe8f36ab673e03f6ca3f9fa@%3Cnotifications.zookeeper.apache.org%3E",
              "https://lists.apache.org/thread.html/r477c285126ada5c3b47946bb702cb222ac4e7fd3100c8549bdd6d3b2@%3Cissues.zookeeper.apache.org%3E",
              "https://lists.apache.org/thread.html/rfcd2c649c205f12b72dde044f905903460669a220a2eb7e12652d19d@%3Cdev.zookeeper.apache.org%3E",
              "https://lists.apache.org/thread.html/r2345b49dbffa8a5c3c589c082fe39228a2c1d14f11b96c523da701db@%3Cnotifications.zookeeper.apache.org%3E",
              "https://lists.apache.org/thread.html/rc10fa20ef4d13cbf6ebe0b06b5edb95466a1424a9b7673074ed03260@%3Cnotifications.zookeeper.apache.org%3E",
              "https://lists.debian.org/debian-lts-announce/2021/08/msg00016.html",
              "https://lists.apache.org/thread.html/re41e9967bee064e7369411c28f0f5b2ad28b8334907c9c6208017279@%3Cnotifications.zookeeper.apache.org%3E",
              "https://lists.apache.org/thread.html/rd09d4ab3e32e4b3a480e2ff6ff118712981ca82e817f28f2a85652a6@%3Cnotifications.zookeeper.apache.org%3E",
              "https://lists.apache.org/thread.html/rca71a10ca533eb9bfac2d590533f02e6fb9064d3b6aa3ec90fdc4f51@%3Cnotifications.zookeeper.apache.org%3E",
              "https://lists.apache.org/thread.html/red3aea910403d8620c73e1c7b9c9b145798d0469eb3298a7be7891af@%3Cnotifications.zookeeper.apache.org%3E",
              "https://lists.apache.org/thread.html/r01b4a1fcdf3311c936ce33d75a9398b6c255f00c1a2f312ac21effe1@%3Cnotifications.zookeeper.apache.org%3E",
              "https://lists.apache.org/thread.html/r20416f39ca7f7344e7d76fe4d7063bb1d91ad106926626e7e83fb346@%3Cnotifications.zookeeper.apache.org%3E",
              "https://lists.apache.org/thread.html/r86528f4b7d222aed7891e7ac03d69a0db2a2dfa17b86ac3470d7f374@%3Cnotifications.zookeeper.apache.org%3E",
              "https://lists.apache.org/thread.html/rc5f3df5316c5237b78a3dff5ab95b311ad08e61d418cd992ca7e34ae@%3Cnotifications.zookeeper.apache.org%3E",
              "https://lists.apache.org/thread.html/r0bfa8f7921abdfae788b1f076a12f73a92c93cc0a6e1083bce0027c5@%3Cnotifications.zookeeper.apache.org%3E",
              "https://lists.apache.org/thread.html/r5149f78be265be69d34eacb4e4b0fc7c9c697bcdfa91a1c1658d717b@%3Cissues.zookeeper.apache.org%3E",
              "https://lists.apache.org/thread.html/r462db908acc1e37c455e11b1a25992b81efd18e641e7e0ceb1b6e046@%3Cnotifications.zookeeper.apache.org%3E",
              "https://lists.apache.org/thread.html/r4050f9f6b42ebfa47a98cbdee4aabed4bb5fb8093db7dbb88faceba2@%3Ccommits.zookeeper.apache.org%3E",
              "https://www.oracle.com/security-alerts/cpuoct2021.html",
              "https://www.oracle.com/security-alerts/cpujan2022.html",
              "https://security.netapp.com/advisory/ntap-20220210-0004/",
              "https://www.oracle.com/security-alerts/cpuapr2022.html",
              "https://www.oracle.com/security-alerts/cpujul2022.html"
            ]
          }
        ],
        "vulnerability": {
          "advisories": [],
          "cvss": [],
          "dataSource": "https://github.com/advisories/GHSA-gwrp-pvrq-jmwv",
          "description": "Path Traversal and Improper Input Validation in Apache Commons IO",
          "fix": {
            "state": "fixed",
            "versions": [
              "2.7"
            ]
          },
          "id": "GHSA-gwrp-pvrq-jmwv",
          "namespace": "github:language:java",
          "severity": "Medium",
          "urls": [
            "https://github.com/advisories/GHSA-gwrp-pvrq-jmwv"
          ]
        }
      }
    ],
    "source": {
      "target": "/var/folders/2v/z_0jd7gn30qcym54rz_z2__m0000gq/T/temp-clone_3821730842",
      "type": "directory"
    }
  },
  "secrets": {
    "ArtifactName": "/var/folders/2v/z_0jd7gn30qcym54rz_z2__m0000gq/T/temp-clone_3821730842",
    "ArtifactType": "filesystem",
    "Metadata": {
      "ImageConfig": {
        "architecture": "",
        "config": {},
        "created": "0001-01-01T00:00:00Z",
        "os": "",
        "rootfs": {
          "diff_ids": null,
          "type": ""
        }
      }
    },
    "SchemaVersion": 2
  },
  "configs": {
    "ArtifactName": "/var/folders/2v/z_0jd7gn30qcym54rz_z2__m0000gq/T/temp-clone_3821730842",
    "ArtifactType": "filesystem",
    "Metadata": {
      "ImageConfig": {
        "architecture": "",
        "config": {},
        "created": "0001-01-01T00:00:00Z",
        "os": "",
        "rootfs": {
          "diff_ids": null,
          "type": ""
        }
      }
    },
    "Results": [
      {
        "Class": "config",
        "Misconfigurations": [
          {
            "AVDID": "AVD-DS-0002",
            "CauseMetadata": {
              "Code": {
                "Lines": null
              },
              "Provider": "Dockerfile",
              "Service": "general"
            },
            "Description": "Running containers with 'root' user can lead to a container escape situation. It is a best practice to run containers as non-root users, which can be done by adding a 'USER' statement to the Dockerfile.",
            "ID": "DS002",
            "Layer": {},
            "Message": "Specify at least 1 USER command in Dockerfile with non-root user as argument",
            "Namespace": "builtin.dockerfile.DS002",
            "PrimaryURL": "https://avd.aquasec.com/misconfig/ds002",
            "Query": "data.builtin.dockerfile.DS002.deny",
            "References": [
              "https://docs.docker.com/develop/develop-images/dockerfile_best-practices/",
              "https://avd.aquasec.com/misconfig/ds002"
            ],
            "Resolution": "Add 'USER \u003cnon root user name\u003e' line to the Dockerfile",
            "Severity": "HIGH",
            "Status": "FAIL",
            "Title": "Image user should not be 'root'",
            "Type": "Dockerfile Security Check"
          },
          {
            "AVDID": "AVD-DS-0001",
            "CauseMetadata": {
              "Code": {
                "Lines": null
              },
              "Provider": "Dockerfile",
              "Service": "general"
            },
            "Description": "When using a 'FROM' statement you should use a specific tag to avoid uncontrolled behavior when the image is updated.",
            "ID": "DS001",
            "Layer": {},
            "Message": "No issues found",
            "Namespace": "builtin.dockerfile.DS001",
            "PrimaryURL": "https://avd.aquasec.com/misconfig/ds001",
            "Query": "data.builtin.dockerfile.DS001.deny",
            "References": [
              "https://avd.aquasec.com/misconfig/ds001"
            ],
            "Resolution": "Add a tag to the image in the 'FROM' statement",
            "Severity": "MEDIUM",
            "Status": "PASS",
            "Title": "':latest' tag used",
            "Type": "Dockerfile Security Check"
          },
          {
            "AVDID": "AVD-DS-0004",
            "CauseMetadata": {
              "Code": {
                "Lines": null
              },
              "Provider": "Dockerfile",
              "Service": "general"
            },
            "Description": "Exposing port 22 might allow users to SSH into the container.",
            "ID": "DS004",
            "Layer": {},
            "Message": "No issues found",
            "Namespace": "builtin.dockerfile.DS004",
            "PrimaryURL": "https://avd.aquasec.com/misconfig/ds004",
            "Query": "data.builtin.dockerfile.DS004.deny",
            "References": [
              "https://avd.aquasec.com/misconfig/ds004"
            ],
            "Resolution": "Remove 'EXPOSE 22' statement from the Dockerfile",
            "Severity": "MEDIUM",
            "Status": "PASS",
            "Title": "Port 22 exposed",
            "Type": "Dockerfile Security Check"
          },
          {
            "AVDID": "AVD-DS-0005",
            "CauseMetadata": {
              "Code": {
                "Lines": null
              },
              "Provider": "Dockerfile",
              "Service": "general"
            },
            "Description": "You should use COPY instead of ADD unless you want to extract a tar file. Note that an ADD command will extract a tar file, which adds the risk of Zip-based vulnerabilities. Accordingly, it is advised to use a COPY command, which does not extract tar files.",
            "ID": "DS005",
            "Layer": {},
            "Message": "No issues found",
            "Namespace": "builtin.dockerfile.DS005",
            "PrimaryURL": "https://avd.aquasec.com/misconfig/ds005",
            "Query": "data.builtin.dockerfile.DS005.deny",
            "References": [
              "https://docs.docker.com/engine/reference/builder/#add",
              "https://avd.aquasec.com/misconfig/ds005"
            ],
            "Resolution": "Use COPY instead of ADD",
            "Severity": "LOW",
            "Status": "PASS",
            "Title": "ADD instead of COPY",
            "Type": "Dockerfile Security Check"
          },
          {
            "AVDID": "AVD-DS-0006",
            "CauseMetadata": {
              "Code": {
                "Lines": null
              },
              "Provider": "Dockerfile",
              "Service": "general"
            },
            "Description": "COPY '--from' should not mention the current FROM alias, since it is impossible to copy from itself.",
            "ID": "DS006",
            "Layer": {},
            "Message": "No issues found",
            "Namespace": "builtin.dockerfile.DS006",
            "PrimaryURL": "https://avd.aquasec.com/misconfig/ds006",
            "Query": "data.builtin.dockerfile.DS006.deny",
            "References": [
              "https://docs.docker.com/develop/develop-images/multistage-build/",
              "https://avd.aquasec.com/misconfig/ds006"
            ],
            "Resolution": "Change the '--from' so that it will not refer to itself",
            "Severity": "CRITICAL",
            "Status": "PASS",
            "Title": "COPY '--from' referring to the current image",
            "Type": "Dockerfile Security Check"
          },
          {
            "AVDID": "AVD-DS-0007",
            "CauseMetadata": {
              "Code": {
                "Lines": null
              },
              "Provider": "Dockerfile",
              "Service": "general"
            },
            "Description": "There can only be one ENTRYPOINT instruction in a Dockerfile. Only the last ENTRYPOINT instruction in the Dockerfile will have an effect.",
            "ID": "DS007",
            "Layer": {},
            "Message": "No issues found",
            "Namespace": "builtin.dockerfile.DS007",
            "PrimaryURL": "https://avd.aquasec.com/misconfig/ds007",
            "Query": "data.builtin.dockerfile.DS007.deny",
            "References": [
              "https://docs.docker.com/engine/reference/builder/#entrypoint",
              "https://avd.aquasec.com/misconfig/ds007"
            ],
            "Resolution": "Remove unnecessary ENTRYPOINT instruction.",
            "Severity": "CRITICAL",
            "Status": "PASS",
            "Title": "Multiple ENTRYPOINT instructions listed",
            "Type": "Dockerfile Security Check"
          },
          {
            "AVDID": "AVD-DS-0008",
            "CauseMetadata": {
              "Code": {
                "Lines": null
              },
              "Provider": "Dockerfile",
              "Service": "general"
            },
            "Description": "UNIX ports outside the range 0-65535 are exposed.",
            "ID": "DS008",
            "Layer": {},
            "Message": "No issues found",
            "Namespace": "builtin.dockerfile.DS008",
            "PrimaryURL": "https://avd.aquasec.com/misconfig/ds008",
            "Query": "data.builtin.dockerfile.DS008.deny",
            "References": [
              "https://docs.docker.com/engine/reference/builder/#expose",
              "https://avd.aquasec.com/misconfig/ds008"
            ],
            "Resolution": "Use port number within range",
            "Severity": "CRITICAL",
            "Status": "PASS",
            "Title": "Exposed port out of range",
            "Type": "Dockerfile Security Check"
          },
          {
            "AVDID": "AVD-DS-0009",
            "CauseMetadata": {
              "Code": {
                "Lines": null
              },
              "Provider": "Dockerfile",
              "Service": "general"
            },
            "Description": "For clarity and reliability, you should always use absolute paths for your WORKDIR.",
            "ID": "DS009",
            "Layer": {},
            "Message": "No issues found",
            "Namespace": "builtin.dockerfile.DS009",
            "PrimaryURL": "https://avd.aquasec.com/misconfig/ds009",
            "Query": "data.builtin.dockerfile.DS009.deny",
            "References": [
              "https://docs.docker.com/develop/develop-images/dockerfile_best-practices/#workdir",
              "https://avd.aquasec.com/misconfig/ds009"
            ],
            "Resolution": "Use absolute paths for your WORKDIR",
            "Severity": "HIGH",
            "Status": "PASS",
            "Title": "WORKDIR path not absolute",
            "Type": "Dockerfile Security Check"
          },
          {
            "AVDID": "AVD-DS-0010",
            "CauseMetadata": {
              "Code": {
                "Lines": null
              },
              "Provider": "Dockerfile",
              "Service": "general"
            },
            "Description": "Avoid using 'RUN' with 'sudo' commands, as it can lead to unpredictable behavior.",
            "ID": "DS010",
            "Layer": {},
            "Message": "No issues found",
            "Namespace": "builtin.dockerfile.DS010",
            "PrimaryURL": "https://avd.aquasec.com/misconfig/ds010",
            "Query": "data.builtin.dockerfile.DS010.deny",
            "References": [
              "https://docs.docker.com/engine/reference/builder/#run",
              "https://avd.aquasec.com/misconfig/ds010"
            ],
            "Resolution": "Don't use sudo",
            "Severity": "CRITICAL",
            "Status": "PASS",
            "Title": "RUN using 'sudo'",
            "Type": "Dockerfile Security Check"
          },
          {
            "AVDID": "AVD-DS-0011",
            "CauseMetadata": {
              "Code": {
                "Lines": null
              },
              "Provider": "Dockerfile",
              "Service": "general"
            },
            "Description": "When a COPY command has more than two arguments, the last one should end with a slash.",
            "ID": "DS011",
            "Layer": {},
            "Message": "No issues found",
            "Namespace": "builtin.dockerfile.DS011",
            "PrimaryURL": "https://avd.aquasec.com/misconfig/ds011",
            "Query": "data.builtin.dockerfile.DS011.deny",
            "References": [
              "https://docs.docker.com/engine/reference/builder/#copy",
              "https://avd.aquasec.com/misconfig/ds011"
            ],
            "Resolution": "Add slash to last COPY argument",
            "Severity": "CRITICAL",
            "Status": "PASS",
            "Title": "COPY with more than two arguments not ending with slash",
            "Type": "Dockerfile Security Check"
          },
          {
            "AVDID": "AVD-DS-0012",
            "CauseMetadata": {
              "Code": {
                "Lines": null
              },
              "Provider": "Dockerfile",
              "Service": "general"
            },
            "Description": "Different FROMs can't have the same alias defined.",
            "ID": "DS012",
            "Layer": {},
            "Message": "No issues found",
            "Namespace": "builtin.dockerfile.DS012",
            "PrimaryURL": "https://avd.aquasec.com/misconfig/ds012",
            "Query": "data.builtin.dockerfile.DS012.deny",
            "References": [
              "https://docs.docker.com/develop/develop-images/multistage-build/",
              "https://avd.aquasec.com/misconfig/ds012"
            ],
            "Resolution": "Change aliases to make them different",
            "Severity": "CRITICAL",
            "Status": "PASS",
            "Title": "Duplicate aliases defined in different FROMs",
            "Type": "Dockerfile Security Check"
          },
          {
            "AVDID": "AVD-DS-0013",
            "CauseMetadata": {
              "Code": {
                "Lines": null
              },
              "Provider": "Dockerfile",
              "Service": "general"
            },
            "Description": "Use WORKDIR instead of proliferating instructions like 'RUN cd … \u0026\u0026 do-something', which are hard to read, troubleshoot, and maintain.",
            "ID": "DS013",
            "Layer": {},
            "Message": "No issues found",
            "Namespace": "builtin.dockerfile.DS013",
            "PrimaryURL": "https://avd.aquasec.com/misconfig/ds013",
            "Query": "data.builtin.dockerfile.DS013.deny",
            "References": [
              "https://docs.docker.com/develop/develop-images/dockerfile_best-practices/#workdir",
              "https://avd.aquasec.com/misconfig/ds013"
            ],
            "Resolution": "Use WORKDIR to change directory",
            "Severity": "MEDIUM",
            "Status": "PASS",
            "Title": "'RUN cd ...' to change directory",
            "Type": "Dockerfile Security Check"
          },
          {
            "AVDID": "AVD-DS-0014",
            "CauseMetadata": {
              "Code": {
                "Lines": null
              },
              "Provider": "Dockerfile",
              "Service": "general"
            },
            "Description": "Avoid using both 'wget' and 'curl' since these tools have the same effect.",
            "ID": "DS014",
            "Layer": {},
            "Message": "No issues found",
            "Namespace": "builtin.dockerfile.DS014",
            "PrimaryURL": "https://avd.aquasec.com/misconfig/ds014",
            "Query": "data.builtin.dockerfile.DS014.deny",
            "References": [
              "https://docs.docker.com/develop/develop-images/dockerfile_best-practices/#run",
              "https://avd.aquasec.com/misconfig/ds014"
            ],
            "Resolution": "Pick one util, either 'wget' or 'curl'",
            "Severity": "LOW",
            "Status": "PASS",
            "Title": "RUN using 'wget' and 'curl'",
            "Type": "Dockerfile Security Check"
          },
          {
            "AVDID": "AVD-DS-0015",
            "CauseMetadata": {
              "Code": {
                "Lines": null
              },
              "Provider": "Dockerfile",
              "Service": "general"
            },
            "Description": "You should use 'yum clean all' after using a 'yum install' command to clean package cached data and reduce image size.",
            "ID": "DS015",
            "Layer": {},
            "Message": "No issues found",
            "Namespace": "builtin.dockerfile.DS015",
            "PrimaryURL": "https://avd.aquasec.com/misconfig/ds015",
            "Query": "data.builtin.dockerfile.DS015.deny",
            "References": [
              "https://docs.docker.com/develop/develop-images/dockerfile_best-practices/#run",
              "https://avd.aquasec.com/misconfig/ds015"
            ],
            "Resolution": "Add 'yum clean all' to Dockerfile",
            "Severity": "HIGH",
            "Status": "PASS",
            "Title": "'yum clean all' missing",
            "Type": "Dockerfile Security Check"
          },
          {
            "AVDID": "AVD-DS-0016",
            "CauseMetadata": {
              "Code": {
                "Lines": null
              },
              "Provider": "Dockerfile",
              "Service": "general"
            },
            "Description": "There can only be one CMD instruction in a Dockerfile. If you list more than one CMD then only the last CMD will take effect.",
            "ID": "DS016",
            "Layer": {},
            "Message": "No issues found",
            "Namespace": "builtin.dockerfile.DS016",
            "PrimaryURL": "https://avd.aquasec.com/misconfig/ds016",
            "Query": "data.builtin.dockerfile.DS016.deny",
            "References": [
              "https://docs.docker.com/engine/reference/builder/#cmd",
              "https://avd.aquasec.com/misconfig/ds016"
            ],
            "Resolution": "Dockefile should only have one CMD instruction. Remove all the other CMD instructions",
            "Severity": "HIGH",
            "Status": "PASS",
            "Title": "Multiple CMD instructions listed",
            "Type": "Dockerfile Security Check"
          },
          {
            "AVDID": "AVD-DS-0017",
            "CauseMetadata": {
              "Code": {
                "Lines": null
              },
              "Provider": "Dockerfile",
              "Service": "general"
            },
            "Description": "The instruction 'RUN \u003cpackage-manager\u003e update' should always be followed by '\u003cpackage-manager\u003e install' in the same RUN statement.",
            "ID": "DS017",
            "Layer": {},
            "Message": "No issues found",
            "Namespace": "builtin.dockerfile.DS017",
            "PrimaryURL": "https://avd.aquasec.com/misconfig/ds017",
            "Query": "data.builtin.dockerfile.DS017.deny",
            "References": [
              "https://docs.docker.com/develop/develop-images/dockerfile_best-practices/#run",
              "https://avd.aquasec.com/misconfig/ds017"
            ],
            "Resolution": "Combine '\u003cpackage-manager\u003e update' and '\u003cpackage-manager\u003e install' instructions to single one",
            "Severity": "HIGH",
            "Status": "PASS",
            "Title": "'RUN \u003cpackage-manager\u003e update' instruction alone",
            "Type": "Dockerfile Security Check"
          },
          {
            "AVDID": "AVD-DS-0019",
            "CauseMetadata": {
              "Code": {
                "Lines": null
              },
              "Provider": "Dockerfile",
              "Service": "general"
            },
            "Description": "Cached package data should be cleaned after installation to reduce image size.",
            "ID": "DS019",
            "Layer": {},
            "Message": "No issues found",
            "Namespace": "builtin.dockerfile.DS019",
            "PrimaryURL": "https://avd.aquasec.com/misconfig/ds019",
            "Query": "data.builtin.dockerfile.DS019.deny",
            "References": [
              "https://docs.docker.com/develop/develop-images/dockerfile_best-practices/",
              "https://avd.aquasec.com/misconfig/ds019"
            ],
            "Resolution": "Add 'dnf clean all' to Dockerfile",
            "Severity": "HIGH",
            "Status": "PASS",
            "Title": "'dnf clean all' missing",
            "Type": "Dockerfile Security Check"
          },
          {
            "AVDID": "AVD-DS-0020",
            "CauseMetadata": {
              "Code": {
                "Lines": null
              },
              "Provider": "Dockerfile",
              "Service": "general"
            },
            "Description": "The layer and image size should be reduced by deleting unneeded caches after running zypper.",
            "ID": "DS020",
            "Layer": {},
            "Message": "No issues found",
            "Namespace": "builtin.dockerfile.DS020",
            "PrimaryURL": "https://avd.aquasec.com/misconfig/ds020",
            "Query": "data.builtin.dockerfile.DS020.deny",
            "References": [
              "https://docs.docker.com/develop/develop-images/dockerfile_best-practices/#run",
              "https://avd.aquasec.com/misconfig/ds020"
            ],
            "Resolution": "Add 'zypper clean' to Dockerfile",
            "Severity": "HIGH",
            "Status": "PASS",
            "Title": "'zypper clean' missing",
            "Type": "Dockerfile Security Check"
          },
          {
            "AVDID": "AVD-DS-0021",
            "CauseMetadata": {
              "Code": {
                "Lines": null
              },
              "Provider": "Dockerfile",
              "Service": "general"
            },
            "Description": "'apt-get' calls should use the flag '-y' to avoid manual user input.",
            "ID": "DS021",
            "Layer": {},
            "Message": "No issues found",
            "Namespace": "builtin.dockerfile.DS021",
            "PrimaryURL": "https://avd.aquasec.com/misconfig/ds021",
            "Query": "data.builtin.dockerfile.DS021.deny",
            "References": [
              "https://docs.docker.com/engine/reference/builder/#run",
              "https://avd.aquasec.com/misconfig/ds021"
            ],
            "Resolution": "Add '-y' flag to 'apt-get'",
            "Severity": "HIGH",
            "Status": "PASS",
            "Title": "'apt-get' missing '-y' to avoid manual input",
            "Type": "Dockerfile Security Check"
          },
          {
            "AVDID": "AVD-DS-0022",
            "CauseMetadata": {
              "Code": {
                "Lines": null
              },
              "Provider": "Dockerfile",
              "Service": "general"
            },
            "Description": "MAINTAINER has been deprecated since Docker 1.13.0.",
            "ID": "DS022",
            "Layer": {},
            "Message": "No issues found",
            "Namespace": "builtin.dockerfile.DS022",
            "PrimaryURL": "https://avd.aquasec.com/misconfig/ds022",
            "Query": "data.builtin.dockerfile.DS022.deny",
            "References": [
              "https://docs.docker.com/engine/deprecated/#maintainer-in-dockerfile",
              "https://avd.aquasec.com/misconfig/ds022"
            ],
            "Resolution": "Use LABEL instead of MAINTAINER",
            "Severity": "HIGH",
            "Status": "PASS",
            "Title": "Deprecated MAINTAINER used",
            "Type": "Dockerfile Security Check"
          },
          {
            "AVDID": "AVD-DS-0023",
            "CauseMetadata": {
              "Code": {
                "Lines": null
              },
              "Provider": "Dockerfile",
              "Service": "general"
            },
            "Description": "Providing more than one HEALTHCHECK instruction per stage is confusing and error-prone.",
            "ID": "DS023",
            "Layer": {},
            "Message": "No issues found",
            "Namespace": "builtin.dockerfile.DS023",
            "PrimaryURL": "https://avd.aquasec.com/misconfig/ds023",
            "Query": "data.builtin.dockerfile.DS023.deny",
            "References": [
              "https://docs.docker.com/engine/reference/builder/#healthcheck",
              "https://avd.aquasec.com/misconfig/ds023"
            ],
            "Resolution": "One HEALTHCHECK instruction must remain in Dockerfile. Remove all other instructions.",
            "Severity": "MEDIUM",
            "Status": "PASS",
            "Title": "Multiple HEALTHCHECK defined",
            "Type": "Dockerfile Security Check"
          },
          {
            "AVDID": "AVD-DS-0024",
            "CauseMetadata": {
              "Code": {
                "Lines": null
              },
              "Provider": "Dockerfile",
              "Service": "general"
            },
            "Description": "'apt-get dist-upgrade' upgrades a major version so it doesn't make more sense in Dockerfile.",
            "ID": "DS024",
            "Layer": {},
            "Message": "No issues found",
            "Namespace": "builtin.dockerfile.DS024",
            "PrimaryURL": "https://avd.aquasec.com/misconfig/ds024",
            "Query": "data.builtin.dockerfile.DS024.deny",
            "References": [
              "https://avd.aquasec.com/misconfig/ds024"
            ],
            "Resolution": "Just use different image",
            "Severity": "HIGH",
            "Status": "PASS",
            "Title": "'apt-get dist-upgrade' used",
            "Type": "Dockerfile Security Check"
          }
        ],
        "Target": "Dockerfile",
        "Type": "dockerfile"
      }
    ],
    "SchemaVersion": 2
  },
  "policy-results": [
    {
      "filename": "root",
      "namespace": "main",
      "successes": 0,
      "failures": [
        {
          "msg": "config.rego failed - Found HIGH issues in infrastructure as code: Dockerfile: Image user should not be 'root'"
        },
        {
          "msg": "vulnerability.rego failed - Found Critical software vulnerability: GHSA-36p3-wjmg-h94x"
        },
        {
          "msg": "vulnerability.rego failed - Found Critical software vulnerability: GHSA-7x9j-7223-rg5m"
        },
        {
          "msg": "vulnerability.rego failed - Found Critical software vulnerability: GHSA-fjq5-5j5f-mvxh"
        },
        {
          "msg": "vulnerability.rego failed - Found High software vulnerability: GHSA-4pc7-vqv5-5r3v"
        },
        {
          "msg": "vulnerability.rego failed - Found High software vulnerability: GHSA-6hgm-866r-3cjv"
        }
      ]
    }
  ],
  "policy-passed": false
}